X,Y
8.74503,44.835
8.20269,44.826
8.34628,45.5554
8.546,45.5843
9.18963,45.4642
9.27883,45.6395
9.75422,45.7567
9.41202,45.9005
9.14941,45.9395
8.75413,45.8397
8.3836,46.1156
8.08691,45.567
7.31966,45.7371
7.68249,45.0678
7.55814,44.4581
7.86674,43.9584
8.25257,44.2334
8.93386,44.4073
9.69123,44.2384
10.0526,44.2131
10.3281,44.8014
10.5941,44.6087
10.936,44.5385
10.4544,44.0178
10.4019,43.7159
10.8687,43.9741
11.0941,43.9357
11.7639,43.5171
12.0141,44.0227
11.8279,44.7668
12.059,44.3641
12.631,43.9465
12.7014,43.6941
12.403,43.107
12.4397,42.6539
12.8859,42.4147
12.4829,41.8933
13.0126,41.4595
13.5758,41.6285
13.6103,42.1369
13.5396,42.8834
13.1509,43.153
13.2188,43.4801
13.6388,43.0922
13.6979,42.6581
13.9576,42.3103
14.4159,42.1027
14.8262,41.7173
15.4529,41.5028
14.7057,41.2476
14.2081,41.6495
14.1169,41.2035
14.2488,40.8359
15.1406,40.9965
15.3106,40.4194
15.8216,40.5173
16.1466,41.1802
16.862,41.1258
17.6884,40.6359
18.2261,40.1522
17.0806,40.5488
16.4736,40.4476
16.3331,39.5967
16.8783,39.1874
16.4316,38.83
16.0987,38.6267
15.5542,38.1938
15.6398,38.1035
15.2907,37.0646
15.0874,37.5024
14.2807,37.5668
13.3524,38.1112
12.516,38.0174
14.0632,37.4899
14.7213,36.922
8.54034,39.3075
9.11331,39.2172
8.76505,39.4937
8.67964,40.0266
9.66781,39.9705
9.34238,40.1277
8.92197,40.7778
9.50674,40.9253
10.3403,42.7902
11.2878,42.7751
11.9488,42.493
11.4676,43.1672
11.2556,43.7698
11.3426,44.4938
10.6708,45.1693
10.9924,45.4385
11.4064,45.6349
11.8734,45.4077
12.2742,44.9772
12.3346,45.4372
13.2358,46.0635
13.7773,45.6496
13.6252,45.9441
12.6597,45.9563
12.2063,45.8067
12.0789,46.2805
11.2302,46.6559
11.1258,46.0664
10.2584,46.3234
10.4259,45.7796
10.037,45.2209
9.66653,44.8476
9.49168,45.2613
9.13783,45.0369
